ID,GLON,GLAT,r,Bubble,Classic/bubble rim,Classic/inside bubble,Filament/ISM morphology,Classic/on filament,Pillar/Point Source,Point source Plus,Faint fuzzy,Classic/faint fuzzy,Classic YB,Unsure,Notes
1153,30.00332363,-0.265867336,0.00252151,,,,,,,,,,X,,
1154,30.02330139,-0.042858856,0.003577092,,,,,,,,,,,,Three sources
1155,30.02425346,0.1085479,0.003249004,,,,,,,X,,,,,
1156,30.03251489,0.107908234,0.004545309,,,,,,,X,,,,,
1157,30.05582795,-0.339032341,0.003424668,,,,,,,,,,X,,Looks cresent esk
1158,30.06701456,0.097636709,0.004068248,X,,,,,,,,,,,Splits into 4 spots
1159,30.09548025,0.044085361,0.002136443,,,,,X,,,,,,,Part of the same cluster as the YB above and two sources
1160,30.1139104,-0.564677164,0.001739206,,,,,,,,,,X,,
1161,30.13198181,-0.65869003,0.005376244,,,,,,,,,,X,,Two sources
1162,30.19711165,0.308532956,0.001666968,,,,,,,,,,X,,Part of a larger bright object
1163,30.20523749,0.327453206,0.003022816,,X,,,,,,,,,,
1164,30.21092567,0.480734526,0.003474058,,X,,,X,,,,,,,YB branching off of a filament
1165,30.21180647,0.42934506,0.003598434,,,,,,,,X,,,,Radius doesn't contain all of the bubble
1166,30.21919014,-0.178560734,0.003511842,,,,,,,,,,X,,Curls around like a bubble. On top of a dark cloud
1167,30.23647826,0.120797399,0.002326898,,,,,,,,,,X,,Large and bright
1168,30.24761733,0.245540091,0.004142387,,,,,X,,X,,,,,Unsure if its actually a bubble
1169,30.2535626,0.053414926,0.00301693,,,,,,,,,,X,,Three sources
1170,30.29690094,0.05517779,0.006186995,,X,,,,,,,,,,Two points
1171,30.30939076,-0.213456599,0.00414128,,,,,,,X,,,,,
1172,30.34357999,0.37981001,0.003189231,X,,,,,,,,,,,Two sources
1173,30.34931411,0.090317762,0.003936063,,,,,,,,,,X,,Two sources
1174,30.3516521,0.517107514,0.001973745,,,,,,,,,X,,,
1175,30.35686412,0.487160492,0.002452932,,,,X,,,,,,,,
1176,30.36907847,-0.818943539,0.002716291,,,,,,,X,,,,,Teeny tiny bubble looking thing
1177,30.37806228,0.108885584,0.003330531,,,,,,,X,,,,,Could potentially be a point source plus
1178,30.3817685,-0.109389568,0.001391203,,,X,,,,X,,,,,YB with two sources and on a filament
1179,30.38882461,-0.792043361,0.003942043,,X,,,,,,,,,,
1180,30.4109002,-0.227350931,0.002426065,,,,,,,,,,,,Yellow blob on a fliament
1181,30.41868587,0.470578054,0.00268055,,,,,,,,,,,,Looks like a filament but it could be a YB on a filament
1182,30.42232356,0.466875412,0.001742547,,,,,,,X,,,,,
1183,30.42470835,0.462784381,0.002429367,,,,,,,,,,,,
1184,30.47108755,0.222069867,0.004413881,X,,,,,,,X,,,,
1185,30.48932246,-0.358388392,0.002488293,,,,,,,,,,X,,YB parts of a very large yellow cloud on edge of bubble
1186,30.495467,0.622822926,0.003657848,,,,,,,X,,,,,
1187,30.50619557,-0.197941392,0.0024427,,,,,,,,,,,,Two sources
1188,30.53365104,0.021202716,0.001961953,,,X,,,,X,,,,,Definitely inside of a bubble
1189,30.60464453,0.453557887,0.002337211,,,,,,,,X,,,,Faint fuzzy bubble
1190,30.61141222,0.452299302,0.0022735,,,,X,,,,,,,,
1191,30.62473263,0.168861379,0.004986724,,,,,,,X,,,,,
1192,30.64117783,-0.115444154,0.001776169,,,,,X,,,,,,,
1193,30.64396434,-1.037178767,0.002391849,,X,,,,,,,,,,Looks like the inside of a bubble
1194,30.65607142,0.227468557,0.00187712,,X,,,,,,X,,,,
1195,30.69317741,0.227975923,0.004988442,,,,,,,,,,X,,
1196,30.69395936,-0.365621905,0.00274199,,,,,,,,,,,X,
1197,30.71001899,-0.559165083,0.003718925,,X,,,,,,,,,,
1198,30.74592577,-0.801156948,0.004065465,,,,,,,,,,,,Could have multiple sources and maybe even be a bubble
1199,30.75642948,0.202127263,0.003917678,,,,,,,,,,,,
1200,30.75961919,-0.056233735,0.003367609,,,,,,,,,,X,,Looks like bubble with stech down
1201,30.7597833,0.205218458,0.005163337,,,,,,,X,,,,,
1202,30.76429261,-0.034349221,0.004560363,,,,,,,,,,,,Two sources
1203,30.76782475,-0.590787689,0.003027237,,,,X,,,,,,,,
1204,30.77992592,0.229478155,0.002080876,,,,,,,X,,,,,Two to three sources
1205,30.8389551,0.113303479,0.004811131,,,,,,,X,,,,,
1206,30.84737568,0.153623379,0.00140027,,,,,,,,,,,,
1207,30.85635314,-0.510215538,0.003598882,,X,,,,,,,,,,Structure on bubble edge
1208,30.86651443,0.113880105,0.003378629,,,,,,,,,,X,,
1209,30.87565129,-0.347544952,0.002022009,,,,,,,,,,X,,
1210,30.87703524,0.05841855,0.002590307,,,,,,,,,,X,,
1211,30.88205512,-0.235365791,0.004031595,,,,,,,,,,X,,
1212,30.88206077,0.073828416,0.002084413,,,,,,,,,,,,
1213,30.90718884,0.1595651,0.0030404,,,,,,,,,,X,,Part of Cluster
1214,30.92285194,0.273848557,0.002693496,,,X,,,,,,,,,Unsure if its actually a bubble
1215,30.95810022,0.086612293,0.002845591,,,,X,,,,,,,,
1216,30.95892631,0.600970713,0.002702955,,,X,,,,,,,,,
1217,30.97248474,0.561558276,0.002457725,,,,,,,,,,,,Classic YB on what may be a filament
1218,30.99697592,-0.075862584,0.0042708,,,,,,,,,,X,,Two sources and on top of a fillament
1219,31.03331145,0.466844554,0.002002981,,,,,,,,,,X,,Faint fuzzy curve
1220,31.04781433,0.355024927,0.00505613,,,,,,,,X,,,,
1221,31.04929695,0.4700916,0.004921569,,,,,X,,X,,,,,
1222,31.05952971,0.092260837,0.00514662,,,,,,,,,,,,
1223,31.07007295,0.049951189,0.00470738,,,,,,,,,,X,,
1224,31.12179761,0.062772624,0.003223664,,,,,,,,,,X,,On a dark cloud
1225,31.15869874,0.045727067,0.003002947,,,X,,,,,,,,,
1226,31.20797675,0.099298951,0.002899156,,,,,,,,,,X,,Two sources
1227,31.24203077,-0.129452765,0.003145623,,,,,X,,X,,,,,
1228,31.24237579,-0.11016159,0.002126812,,,,,X,,,,,,,
1229,31.26026463,0.489371958,0.00254195,,,,,,,,,,X,,May be a bubble as it curls around
1230,31.26682376,0.495799529,0.001544412,,,,,,,,,X,,,Might be part of point source plus of another YB
1231,31.26955289,0.064279303,0.003197918,,,,,,,X,,,,,Large
1232,31.27786475,0.064277411,0.002504762,,,,,,,,,X,,,Faint fuzzy bubble
1233,31.29964957,-0.131462114,0.001917726,,X,,,,,,,,,,On the edge of a bubble maybe and is in the same cluster as the one above
1234,31.3027423,-0.134010068,0.002008363,,,,,,,,,,X,,
1235,31.30648205,-0.136195122,0.004135136,,,,,,,,,,X,,
1236,31.31093153,0.531892904,0.004971321,X,,,,,,,,,,,Has mino tail that makes it look like bubble
1237,31.33080333,-0.158888004,0.002062307,,,,,,,,,,,,Two sources very faint and not far apart
1238,31.39427863,-0.258389021,0.00348164,X,,,,,,,X,,,,
1239,31.40910293,0.308457799,0.002891187,,,,,,,,,,X,,Faint and fuzzy bubble
1240,31.40911678,0.305022752,0.00191535,,,,,,,,,,,,
1241,31.4128379,0.047567004,0.003114553,,,,,,,X,,,,,Right next to another YB
1242,31.41372642,0.310076118,0.002382407,,,,,,,,,,X,,
1243,31.42025795,-0.157968975,0.00198494,,,,,,,,,,,,
1244,31.42702291,-0.139810322,0.003433707,,,,,,,X,,,,,
1245,31.4309394,0.288041834,0.001666519,,,,,,,,,,X,,
1246,31.44630805,0.768070696,0.006190563,,,,,,,,,,X,,Next to bubble but not on its edge
1247,31.47518294,-0.347116888,0.002616081,,,,,,,,,,,,
1248,31.5082403,-0.245358592,0.002672264,,,,,,,X,,,,,Two sources
1249,31.55336099,-0.096795547,0.002362278,,,X,,,,,,,,,
1250,31.55909602,-0.123263656,0.004699079,,,,,,,X,,,,,Two sources
1251,31.56075128,0.376050928,0.00299089,,,,,,,,,,X,,Right next to another YB
1252,31.56666906,-0.270574412,0.004722562,,,,,,,X,,,,,Has a tail off the YB
1253,31.5745008,0.228474714,0.00206955,,,,,,,,,,,,On top of a faint filament
1254,31.57921796,0.075147204,0.003225014,,,,,,,X,,,,,
1255,31.59186438,-0.192752252,0.001706515,,,,,,,,,,X,,
1256,31.59262189,0.324217354,0.002297137,,,,,,,,,,X,,Faint buzz bubble
1257,31.59679626,-0.340714146,0.002784923,,,,,,,,,,X,,Maybe on the edge of a bubble
1258,31.59805641,-0.679970419,0.002064077,,,X,,,,,,,,,
1259,31.61109698,0.090249162,0.001998364,,X,,,,,,,,,,
1260,31.642863,-0.267028444,0.003290535,,,,,,,,X,,,,
1261,31.66121624,0.366998186,0.003235322,,X,,,,,,,,,,
1262,31.6746624,0.239424471,0.003612228,,,,,,,,,,,,
1263,31.68212741,-0.151829645,0.002277381,,,,,,,,,,X,,Connected to a larger warm dust body
1264,31.72940938,0.700476915,0.001659854,,,,,,,,X,,,,
1265,31.73778142,-0.182379511,0.00301458,,,,,X,,,,,,,Culd possibly be a point source plus as there are maybe two points
1266,31.75678162,-0.782314243,0.004285314,,,,,,,,,,X,,Structure on a filament
1267,31.79008806,-0.305959526,0.003855999,,,,,,,,X,,,,
1268,31.82063592,-0.113153494,0.004958394,,,,,,,,,,X,,On the edge of a bubble or a filament (unsure)
1269,31.82427522,-0.113379275,0.004279085,,,,,X,,,,,,,Two sources
1270,31.8358804,-0.140841828,0.001690041,,X,,,,,,,,,,Cluster of Ybs on edge of bubble
1271,31.83774072,-0.128719687,0.002585556,,,,,,,,,,X,,
1272,31.8420179,-0.116447078,0.003066583,X,,,,,,,,X,,,Faint fuzzy looks like bubble
1273,31.91336826,0.195635525,0.002509806,,,,,,,,,,X,,Near dark cloud
1274,31.91596517,0.440003878,0.003846642,,,,,,,,,,X,,
1275,31.94677428,0.065421096,0.002059556,,,,,,,,,,X,,
1276,31.98534351,-0.557388898,0.00332436,,,,,,,X,,,X,,"Very faint, several sources"
1277,32.021994,0.066533466,0.002986799,,,,,X,,,,,,,Could be a bubble edge and not a filament
1278,32.03020732,0.049879578,0.005170976,,,,,,,,,,X,,
1279,32.06321702,0.80790111,0.006005498,,,X,,,,X,,,,,Two little whispy legs off main point
1280,32.06817744,-0.089799599,0.001460706,X,,,,,,,,,,,"Looks to be a bubble, cluster"
1281,32.10483484,-0.372784276,0.002803789,,,,,,,,,,,,Part of a large bright blob
1282,32.11265808,0.096554103,0.002104863,,,,,,,X,,,,,
1283,32.11988437,0.090934665,0.003143992,,,,,,,,,,,,Part of larger bright dust blob
1284,32.13136356,-0.091576667,0.002959596,,,,,,,,,,X,,
1285,32.13397091,0.90223789,0.003754785,,,,,,,,,,X,,
1286,32.1520191,0.131369542,0.004805574,,,,,,,X,,,,,Inside a bubble and is a point source plus
1287,32.15373068,-0.278929738,0.004244717,,,,X,,,,,,,,
1288,32.27117125,-0.226111453,0.001574951,,,,,,,,,,X,,
1289,32.30573485,0.374077641,0.004344876,,,,,,,X,,,,,Near dark cloud
1290,32.31820651,-0.384156195,0.002655055,,X,,,,,,,,,,
1291,32.32323692,0.780839606,0.00231564,,,,,,,,,,X,,
1292,32.32746641,0.2558036,0.003119497,,,,,,,X,,,,,Fully encaputred by radius
1293,32.40008716,-0.328267141,0.002091182,,X,,,,,,,,,,
1294,32.40419271,0.162290035,0.003227636,,,,,X,,,,,,,
1295,32.42236569,0.078306821,0.004980847,X,,,,,,,,,,,
1296,32.4368631,0.416077649,0.002992777,,,,,,,X,,,,,Part of cluster with 52 and 53
1297,32.45818191,0.226066752,0.00188174,,,,,,,,X,,,,Touching a small buuble
1298,32.45822771,0.385581835,0.002478087,,,,,,,,X,,,,
1299,32.46353232,0.194109719,0.002445001,,,,,,,,,,,,
1300,32.46622382,0.200427319,0.003790425,,,,,,,,,,X,,
1301,32.473514,0.205644478,0.001628143,,,,,,,,,,X,,
1302,32.50756352,0.842581872,0.002753575,,,,,,,,,,X,,
1303,32.57647732,-0.623062777,0.004432937,,X,,,,,,,,,,Part of YB cluster mentioned above
1304,32.57798664,0.41915333,0.001896861,,,,,,,,X,,,,
1305,32.60104944,-0.251384074,0.004993392,,,,,X,,,,,,,
1306,32.61053412,-0.240903175,0.00434474,,X,,,,,,,,,,
1307,32.62680708,-0.101973384,0.002157465,,,,,,,,,,X,,
1308,32.63243029,-0.130948811,0.001882838,,,,,,,,,,X,,
1309,32.632485,-0.66207049,0.002846958,,,,,,,,,,X,,Two sources
1310,32.64853003,-0.648559669,0.002253981,,,,,,,,,,X,,
1311,32.69297207,0.046956598,0.004242179,,,,,,,,,,X,,
1312,32.70323151,-0.056339293,0.002902599,,,,,,,,,,X,,Part of a larger bright cloud
1313,32.70956274,-0.062482775,0.001941015,,,,,,,,,,X,,bubble/ two sources
1314,32.72309561,-0.295612198,0.001680995,,,,,,,,,,,,
1315,32.73955676,0.194441084,0.00175362,,X,,,,,,,,,,Could be on the edge of a bubble
1316,32.74573559,-0.073397213,0.005773865,,,,,,,,,,,,
1317,32.74835255,-0.063748921,0.004497522,,,,,,,,,,X,,"Can't see the YB, 24 micron saturated"
1318,32.76926217,-0.182820422,0.002903535,,,,,,,X,,,,,YB cluster in front of dark cloud
1319,32.772946,-0.05924745,0.002873977,,,,,,,,,,X,,
1320,32.77479152,0.184199381,0.004885313,,X,,,,,,,,,,Looks to be the center of a bubble and in a cluster of Ybs
1321,32.79228785,0.193346309,0.005134072,X,,,,,,,,,,,"May be a YB, faded with rim around like bubble"
1322,32.79413543,0.206211173,0.003685121,,,,,,,,,,X,,Mino tail
1323,32.79643753,0.188904707,0.003500214,,,,,,,,,,,,
1324,32.79714584,0.183967142,0.005086141,,,,,,,X,,,,,
1325,32.83251944,-0.215919103,0.001811736,,,,,,,,,,X,,Classic YB on a filament and on the edge of a bubble
1326,32.85985257,-0.410472741,0.003873646,,,,,,,,X,,,,
1327,32.87155415,0.696856403,0.002146371,,,,,,,,,,X,,
1328,32.88770103,-0.278227092,0.003660768,,X,,,,,,,,,,Very fuzzy
1329,32.92758727,0.605645977,0.002372842,,,,,,,,,,X,,
1330,32.94489455,-0.376904022,0.006558219,,,,,,,X,,,,,"Large source, not uniform"
1331,32.95934962,0.126671011,0.003997309,,,,,,,X,,,,,Crescent shape in cloud
1332,32.96237049,-0.33954263,0.002151278,,,,,,,,,,X,,Clear halo around source
1333,32.99047789,0.039122175,0.004439866,,,,,,,,X,,,,"Faint in green wavelength, might be point source plus"
1334,33.01988241,-0.358036796,0.003929582,X,,,,,,X,,,,,"Faint source, looks like on rim"
1335,33.02330848,-0.365203278,0.002583789,,,,,,,,,,X,,
1336,33.04832427,0.076767789,0.004176444,,,,,,,,,,X,,
1337,33.06876725,-0.197558968,0.00275504,X,,,,,,,,X,,,
1338,33.1103629,-0.094027653,0.003247347,,,,,,,X,,,,,
1339,33.13301905,-0.09274251,0.003273751,,,,,,,,,,X,,
1340,33.14259378,-0.086817251,0.004245493,,,,,,,,,,X,,
1341,33.20258294,-0.009753983,0.004108691,,,,,,,X,,,,,
1342,33.20780924,-0.013422492,0.004359572,,,,X,,,,,,,,Looks like the region is becoming a bubble
1343,33.26324457,0.065896239,0.003757355,,,,,,,,,X,,,
1344,33.28946204,-0.01904508,0.00457725,,,X,,,,X,,,,,
1345,33.29842175,-0.338348731,0.003664708,,X,,,,,,,,,,"Faint, very circular"
1346,33.30247493,0.094272322,0.003239407,,,,,,,,,,X,,
1347,33.31360806,-0.271657146,0.003723256,,,X,,,,X,,,,,"Inside bubble, slightly faint"
1348,33.3305919,0.163672044,0.00294415,,,,,,,X,,,,,
1349,33.33686398,0.165470433,0.001702707,,,,,,,,,,X,,
1350,33.39185279,-0.012650425,0.002955239,,,,,,,,,,X,,
1351,33.40433828,0.373447629,0.002512257,,,,,X,,,,,,,
1352,33.417426,0.036831807,0.003196261,,,,,,,,X,,,,
1353,33.41770227,-0.003988034,0.004062023,,X,,,,,,,,,,Small bubble on edge of large bubble 
1354,33.42551162,-0.012803771,0.003893843,,,X,,,,,,,,,
1355,33.47019198,-0.086558903,0.002490478,,,X,,,,,,,,,
1356,33.47897659,-0.116917155,0.002779463,,,,,X,,,,,,,
1357,33.48254203,-0.209991282,0.002718491,,,,,X,,,,,,,
1358,33.48872632,0.152181224,0.002000594,,,,,,,,,,X,,
1359,33.49185752,0.158740845,0.004258809,X,,X,,,,,,,,,
1360,33.49647418,-0.013199475,0.004264346,,,,,,,,,,X,,
1361,33.51814962,-0.056726208,0.002279287,,,,,,,,,,X,,
1362,33.51890443,0.149935141,0.003005541,X,,,,,,,,,,,
1363,33.53008704,-0.118568978,0.001713153,,,,,,,,X,,,,
1364,33.53422353,-0.109334218,0.002675175,,,,,X,,X,,,,,
1365,33.55462905,-0.162906918,0.004642428,,,,,X,,X,,,,,
1366,33.5900361,0.22577603,0.001880611,,,,,,,,,,X,,
1367,33.61149477,0.083306432,0.002073032,,,,,,,,X,,,,
1368,33.62918117,-0.017654574,0.001841574,,X,,,,,,,,,,
1369,33.6336327,-0.020999843,0.003414998,,,,,,,,,,X,,
1370,33.63799244,-0.035673578,0.001631857,,,,,,,,,,X,,
1371,33.64260408,-0.227646176,0.001341283,X,,,,,,,,,,,
1372,33.64570723,-0.312531889,0.006842121,,,,,,,X,,,,,
1373,33.64983037,-0.025827063,0.002804157,,,,,,,,X,,,,
1374,33.65373451,-0.017637616,0.002905127,,,,,,,,,,X,,
1375,33.6537698,-0.165333183,0.003030624,,,,,,,,,,X,,
1376,33.65397537,0.157118465,0.002319443,,,,,,,,X,,,,
1377,33.68048522,-0.01734179,0.001795401,,,,,,,,,,X,,
1378,33.70563431,0.283593982,0.001986697,,,,,,,,,,X,,
1379,33.71124683,0.134007651,0.001786684,,,,,,,,,,X,,
1380,33.72593862,-0.425135407,0.001812817,,,,,,,,,,X,,
1381,33.72662625,-0.118624428,0.002025231,,X,,,,,,,,,,
1382,33.739533,0.347657551,0.001858357,,,,,,,,,,X,,
1383,33.74563374,0.610719361,0.004609931,,,,,,,,,,X,,
1384,33.75216482,-0.064110407,0.002356372,,,,,,,,X,,,,
1385,33.75531386,0.296896664,0.004461617,X,,,,,,,,,,,
1386,33.76501356,0.036009606,0.002056414,,,,,,,,,,X,,
1387,33.76747254,0.030909251,0.002439121,,,,,,,,,,X,,
1388,33.77119126,-0.404690315,0.003856898,,,,,,,X,,,,,
1389,33.80850508,-0.153119763,0.004245949,X,,,,,,,,,,,
1390,33.81036074,-0.186687846,0.004298029,,,X,,,,,,,,,
1391,33.83285959,-0.122724075,0.005438537,,,,,,,X,,,,,
1392,33.87091963,0.057461901,0.002327079,,,,,,,,,,X,,
1393,33.88347451,0.058296916,0.002216007,,X,,,,,,,,,,
1394,33.9149335,0.107618537,0.004519133,,,X,,,,X,,,,,
1395,33.97843389,-0.203140766,0.005990386,,,,,,,,,,X,,
1396,33.98954445,-0.009981457,0.002265012,,,,,,,,,,X,,
1397,33.99078653,-0.004199974,0.004299997,,,,,,,,,,X,,
1398,34.02159512,0.233899188,0.003317756,,,,,,,,,,X,,
1399,34.03516682,0.164174439,0.004539425,X,,,,,,,X,,,,
1400,34.04346843,0.053551092,0.001747502,,,,,,,,X,,,,
1401,34.04990531,-0.297963765,0.003620183,,,,,,,X,,,,,
1402,34.0515109,-0.145422177,0.004118252,,,,,,,,,,X,,
1403,34.06687895,-0.596959255,0.002399217,,,,,,,,X,,,,
1404,34.08882773,0.435794018,0.002960984,,,,,,,X,,,,,
1405,34.09646691,0.01806835,0.003923826,,X,,,,,X,,,,,
1406,34.10269143,-0.026985486,0.003614817,,,X,,,,,,,,,
1407,34.13245295,0.471285267,0.004315032,,,,,,,,,,X,,
1408,34.15418534,0.031774536,0.004876713,,,,,,,,,,X,,
1409,34.19665233,-0.591653252,0.002083597,X,,,,,,,X,,,,
1410,34.20252241,0.105132813,0.004580194,,,,,,,,,,X,,
1411,34.26863896,-0.207595506,0.003784325,,,X,,,,,,,,,
1412,34.29854657,0.18185125,0.002988294,,,,,,,,,,X,,Looks like two bubbles 
1413,34.31089058,-0.094628279,0.003365498,,,,,,,,,,X,,
1414,34.3160817,0.009908025,0.00150421,,,,,,,,,,X,,
1415,34.40295853,0.228011575,0.003504793,X,,,,,,,,,,,
1416,34.41362099,-0.21545825,0.004620127,,,,,,,X,,,,,
1417,34.4380631,0.060828055,0.002413272,,,,,,,,X,,,,
1418,34.44341307,0.047270359,0.003109355,,X,,,,,,,,,,
1419,34.45718667,0.008990535,0.001815215,,,,,,,,,,X,,
1420,34.48817449,-0.177558836,0.001924743,,,,,,,,,,X,,
1421,34.52508849,0.307439529,0.003157099,,,,,,,,,X,,,
1422,34.56185338,-0.450263672,0.001779018,,,,,,,,X,,,,
1423,34.59172723,0.243326725,0.002462094,,,,,,,,X,,,,
1424,34.60177292,-0.412436185,0.003730909,,,,,,,,,,X,,
1425,34.62402233,-0.130272339,0.005720808,X,,,,,,,,,,,
1426,34.6278837,-0.025555191,0.003408954,,,,,,,,,,X,,
1427,34.63278158,-0.023918423,0.00459507,,,,,,,X,,,,,
1428,34.67758798,-0.109720809,0.002391788,,,,,,,,,,X,,
1429,34.68082932,-0.501849613,0.002827823,,,,,,,,,,X,,
1430,34.68497981,0.067445904,0.005259398,,,,,,,X,,,,,
1431,34.69607929,-0.652951909,0.004202799,,,,,,,,,,X,,
1432,34.69760777,-0.658028916,0.010631679,X,X,,,,,,,,,,On rim of large bubble
1433,34.75680025,0.024876815,0.004726224,,X,,,,,,,,,,"On rim of small bubble (previous source), crescent shaped"
1434,34.80175322,-0.255915937,0.004455485,,,,,,,,,,X,,
1435,34.80512896,-0.921506252,0.005085676,,,,,,,X,,,,,
1436,34.82255337,0.325879652,0.002649003,,,,,,,,,X,,,
1437,34.86434777,0.034791998,0.004971972,,,,,,,,,,X,,
1438,34.86542782,0.251668082,0.001883485,,,,,,,,,,X,,
1439,34.90224458,0.068298541,0.002562012,,,,,,,,,X,,,
1440,34.91038505,0.235092105,0.002423701,,,,,,,,X,,,,
1441,34.93144784,0.014522385,0.002792195,,,,,,,,,X,,,
1442,35.02044901,0.345020997,0.002869879,,,,,,,,,X,,,
1443,35.03929637,-0.547664585,0.002147712,,,,,,,,,,X,,right next to another source
1444,35.04411623,0.327188321,0.003427687,,,,,,,,,,X,,right next to another source
1445,35.04558723,-0.448991138,0.004316285,,X,X,,,,,,,,,"Inside one bubble, on rim of another"
1446,35.05282279,-0.517938923,0.002403687,,,,,,,,,,X,,
1447,35.09950087,-0.243245131,0.00440783,X,X,,,,,,,,,,Looks like bubble on rim of another large object
1448,35.1095569,0.075319495,0.005053045,,,,,,,X,,,,,
1449,35.11154238,0.071544613,0.004498161,,,,,,,,,,X,,
1450,35.13826818,-0.76155382,0.005107395,X,,,,,,,,,,,
1451,35.13842743,0.802060196,0.00603321,,X,,,,,X,,,,,
1452,35.15099463,0.822993155,0.005104495,X,,,,,,,,,,,
1453,35.17280414,-0.949074192,0.00727062,X,,,,,,,,,,,
1454,35.24207193,-0.171626744,0.002627572,,,,,,,,X,,,,
1455,35.26135916,-0.052346802,0.0019558,,,,,,,,,,X,,
1456,35.26640684,0.117866074,0.002757554,,,,,,,,X,,,,
1457,35.34770171,0.347122829,0.00322221,,X,,,,,,,,,,
1458,35.3579868,-0.75056896,0.002209571,,X,,,,,,,,,,
1459,35.38672955,0.134357411,0.004006868,,,,,,,,,X,,,
1460,35.39852451,0.024834015,0.002534473,,,,,,,,,,X,,
1461,35.41153661,-0.843194604,0.003431568,,,,,,,X,,,,,
1462,35.45185565,-0.294487464,0.005106214,X,,,,,,,,,,,
1463,35.45631062,0.243386894,0.003260374,,,,,,,,,,X,,
1464,35.46665725,0.137781246,0.001819466,,,,,,,,,X,,,
1465,35.46989062,0.361566316,0.005559604,,,,,,,,,,X,,very large source
1466,35.4716443,-0.43632581,0.002144825,,,,,,,,,X,,,
1467,35.48227304,-0.043198022,0.005469844,,,,,,,,,,X,,
1468,35.48908394,-0.011039226,0.002766617,,,,,,,,X,,,,
1469,35.49489582,-0.077074989,0.002813557,,X,,,,,,,,,,
1470,35.51392671,-0.389364143,0.00276571,,,,,,,,,,X,,
1471,35.51677631,-0.031022798,0.004180021,,,,,,,,,,X,,
1472,35.52663208,-0.145399357,0.001882375,,,,,X,,,,,,,"Right next to another YB, on filament"
1473,35.54945546,-0.358344939,0.003142806,,,,,,,,,X,,,
1474,35.554836,0.014510223,0.001593687,,,,,,,,,,X,,
1475,35.56260359,0.078355075,0.002272599,,X,,,,,,,,,,
1476,35.57326042,0.069627955,0.002064066,,,X,,,,,,,,,
1477,35.57762786,-0.585209485,0.004814007,X,,,,,,,,,,,
1478,35.57796727,-0.029885579,0.005585403,,,,,,,X,,,,,
1479,35.57797752,0.048704242,0.004529471,,,,,X,,,,,,,
1480,35.59756163,-0.114823721,0.002523293,,X,,,,,,,,,,
1481,35.60148757,-0.203350331,0.002367778,,,,,X,,,,,,,
1482,35.63971046,0.294687516,0.002859682,,,,,,,,,,X,,right next to another source
1483,35.67340703,-0.245525116,0.002943784,,,,,,,,X,,,,
1484,35.67899916,0.301923425,0.003762275,,,,,,,,,,X,,
1485,35.72105125,-0.929696314,0.001917125,,,,,,,,X,,,,
1486,35.7459999,0.157549607,0.003910112,X,,,,,,,,,,,
1487,35.82308667,-0.869061956,0.003828818,,,,,,,,,,X,,next to two other sources
1488,35.83050963,-0.193046943,0.004176831,,,,,,,,,,X,,
1489,35.84026105,-0.147084893,0.002160348,,,,,,,X,,X,,,faint point source plus
1490,35.94843722,-0.14748945,0.002541143,,,,,,,,,,X,,
1491,36.03871208,0.264916216,0.004925167,,,,,,,,,,X,,
1492,36.17462896,-0.305692429,0.004078708,,,,,,,X,,,,,
1493,36.22184678,0.072993682,0.001910232,,,,,,,,X,,,,
1494,36.33659543,-0.213205052,0.003656687,,,,,,,X,,,,,
1495,36.35661686,-0.700599831,0.00441895,,,,,,,,X,,,,
1496,36.37207953,0.642316304,0.002298638,,,,,,,,,X,,,
1497,36.37995026,0.797446513,0.003389462,,,,,,,,,,X,,
1498,36.38311086,0.793029739,0.003303684,,,,,,,X,,,,,
1499,36.38923861,0.385458073,0.001932616,,,,,,,,X,,,,
1500,36.40597411,0.023951573,0.004640665,,,,,,,,X,,,,
1501,36.40767677,0.130764663,0.003308619,,,,,,,,,,X,,
1502,36.47968916,0.086642406,0.002439124,,,,,,,,,,X,,
1503,36.47999364,-0.271865125,0.002686265,,,,,,,,,,X,,
1504,36.49806426,0.732175496,0.002345394,,,,,,,,X,,,,
1505,36.51376806,0.98642074,0.002803451,,,,,,,,,,X,,
1506,36.55360562,-0.543719584,0.00376597,,,,,,,,,,X,,
1507,36.57730175,-0.502565609,0.002481203,,,,,,,,,X,,,
1508,36.63520984,-0.230714905,0.003630424,,,,,,,X,,,,,
1509,36.64506994,-0.61037183,0.003435505,,,,,,,,,,X,,
1510,36.65342253,0.318728192,0.004113624,,,,,,,,,,X,,
1511,36.70014972,0.086583981,0.003144104,,,,,,,,,,X,,
1512,36.72299132,-0.160416816,0.002685553,,,,,,,,,,X,,
1513,36.77043296,-0.29661981,0.003552067,,,,,,,,,,X,,kind of oblong
1514,36.78257623,0.082567191,0.002713005,,,,,,,X,,,,,two sources
1515,36.78875407,-0.203604318,0.002007848,,,,,,,,,X,,,
1516,36.82203356,0.010322255,0.003720469,,X,,,,,,,,,,
1517,36.84066859,0.117703889,0.003460286,,,,,,,,,X,,,
1518,36.8480035,-0.136382115,0.008177922,,,,,,,,,,X,,
1519,36.85301025,-0.130511934,0.003653596,,,,,,,X,,,,,
1520,36.86807699,0.461240283,0.001911757,,,,,,,,,,X,,
1521,36.87702941,0.500837208,0.002823756,,,,,,,X,,,,,
1522,36.89443285,-0.133885525,0.004174659,,,,,,,,,,X,,next to other sources
1523,36.90574674,0.131707743,0.002984691,,,,,,,,,,X,,
1524,36.90884007,-0.30916816,0.002263836,,,,,,,X,,,,,
1525,36.91976767,0.482589824,0.005364838,X,,,,,,,,,,,
1526,36.99485189,-0.231176936,0.004566169,,,,,,,,,,X,,
1527,37.04137008,-0.03238199,0.005388573,,,,,,,,,,X,,next to bubble rim but not on it
1528,37.14904388,0.305475281,0.002469711,,,,,,,,,,X,,in a cluster
1529,37.16481429,-0.355996037,0.00224338,,,,,,,,,,X,,right next to another source
1530,37.25815507,-0.376377849,0.002500595,,,,,,,,X,,,,
1531,37.27807024,0.099218962,0.002240372,,,,,,,,,,X,,
1532,37.28307774,-0.451621597,0.002226195,,,,,,,,,,X,,in cluster
1533,37.31816661,0.16251234,0.00275865,,,,,,,,X,,,,
1534,37.32004663,0.168765761,0.003417113,,,,,,,,,,X,,
1535,37.33581252,-0.059673922,0.003580657,,,,,,,,,,X,,
1536,37.34038488,-0.060698839,0.002600254,,,,,,,,,,X,,
1537,37.34188133,0.685679352,0.004571179,,,,,,,,,,X,,
1538,37.35445429,-0.232044444,0.003922211,,X,,,,,,,,,,
1539,37.36410176,-0.23594345,0.002735625,,X,,,,,,,,,,
1540,37.38100263,-0.08180732,0.002171489,X,,,,,,,,,,,
1541,37.45398034,-0.005791537,0.003050943,,,,,,,,,,X,,
1542,37.45856113,-0.0607744,0.003207816,,X,,,,,,,,,,
1543,37.46835675,-0.104126803,0.00295452,,,,,,,,,,X,,
1544,37.48618144,0.522849329,0.002945439,,X,,,,,,,,,,
1545,37.49132611,0.786703872,0.002796518,,,,,,,,,,X,,
1546,37.49740505,0.530403459,0.004163429,,,,,,,X,,,,,
1547,37.52249156,0.777069291,0.003467266,,,,,,,,,,X,,
1548,37.54431227,-0.111353873,0.004732018,,,,,,,,,,X,,large
1549,37.54609208,-0.118471432,0.003810077,,X,,,,,,,,,,
1550,37.58047311,0.283139142,0.002094028,,,,,,,,,X,,,
1551,37.61495936,-0.311105841,0.002697511,,,,,,,,,,X,,
1552,37.63915414,-0.105510927,0.003643641,,,X,,,,,,,,,
1553,37.66460036,-0.332268161,0.003328957,,,,,,,,,,X,,
1554,37.66546522,-0.322816823,0.003341996,,,,,,,,,,X,,
1555,37.68969545,0.069968609,0.003220576,,,X,,,,X,,,,,
1556,37.6975655,0.038977651,0.001279284,,,,,,,,,,X,,
1557,37.70377996,0.031287448,0.004412099,,,,,,,,,,X,,
1558,37.70613715,-0.427604047,0.003342802,,,,,,,,,,X,,
1559,37.75647328,0.560249458,0.004421017,,X,,,,,,,,,,
1560,37.76404015,-0.21249708,0.008264853,,X,,,,,,,,,,
1561,37.77417811,0.351089973,0.003640406,,,,,,,,,,X,,
1562,37.77987857,0.107322813,0.002471864,,,,,,,,,,X,,
1563,37.8000159,-0.371952127,0.002757431,,,,,,,,,,X,,
1564,37.81466988,-0.379028059,0.006687602,,X,,,,,,,,,,
1565,37.81959582,0.413304121,0.005196123,,,,,,,X,,,,,
1566,37.82239878,-0.299957997,0.002905984,,,X,,,,,,,,,
1567,37.82543348,0.405362636,0.002590374,,,,,,,,,,X,,
1568,37.8606775,0.145303573,0.002497327,,,,,,,X,,,,,two sources right next to each other
1569,37.8657905,-0.602697605,0.00609708,,,,,,,,,,X,,
1570,37.87427929,-0.399754263,0.006204087,,X,,,,,,,,,,
1571,37.90103272,0.318774681,0.003733503,,,,,,,,,,X,,
1572,37.94966598,-0.489120745,0.003368823,,,,,,,X,,,,,
1573,37.97197638,-0.096195425,0.003603572,,,,,,,,,,X,,
1574,38.07177694,0.312416843,0.00205952,,,,,,,,,X,,,
1575,38.09172014,0.277635635,0.003610183,,,,,,,,,,X,,
1576,38.09806088,0.355061318,0.002594255,,,,,,,,,,X,,
1577,38.09942169,0.675023026,0.00499239,,,,,,,,X,,,,
1578,38.12182116,-0.225387886,0.004841546,,,,,,,,,,X,,looks like two sources
1579,38.19083806,-0.16067924,0.002787811,,,,,,,,,,X,,
1580,38.22140415,0.24816073,0.004094832,,X,,,,,,,,,,
1581,38.26379772,0.620479389,0.004136122,X,,,,,,,,,,,
1582,38.29718191,-0.209762244,0.002185155,,,,,,,,,,X,,
1583,38.30376716,0.110923968,0.002554091,,,,,,,,X,,,,
1584,38.30961577,0.907170767,0.001735825,,,,,,,,X,,,,
1585,38.32969029,-0.223402469,0.002808943,,,,,,,,,,X,,
1586,38.3460766,-0.055771442,0.002181183,,,,,,,,,X,,,
1587,38.35882667,0.001989662,0.002416722,,,,,,,,,,X,,
1588,38.37724309,0.170241264,0.005147783,,,,,,,,,X,,,
1589,38.46480941,-0.06412856,0.004041634,,,,,,,X,,,,,
1590,38.53007013,0.230263757,0.003870306,,,,,,,,,,X,,
1591,38.53959886,-0.30300386,0.002604004,,,,,,,,,X,,,
1592,38.54985364,0.162819438,0.005876845,,,,,,,,,,X,,
1593,38.62138666,-0.188057193,0.003341068,,,,,,,,,,X,,
1594,38.64639689,-0.226082376,0.004592081,,X,,,,,,,,,,
1595,38.6932993,-0.452228101,0.003295214,,,,,,,,,,X,,by other source
1596,38.72273446,-0.13077799,0.003980189,,X,,,,,,,,,,
1597,38.75230598,0.176083739,0.003371398,,,,,,,,,,X,,right by another source
1598,38.75456969,-0.526601227,0.006031778,,,,,,,X,,,,,strange shape
1599,38.77822012,0.10091226,0.003791268,,,,,,,,,X,,,
1600,38.80441134,0.099529676,0.004195376,,,,,,,X,,,,,
1601,38.85738222,-0.524048973,0.004744243,,,,,,,,,,X,,crescent shaped
1602,38.87480545,0.056095959,0.00222383,,,,,,,,X,,,,
1603,38.87529545,0.309002422,0.004338739,,,,,,,,,,X,,
1604,38.87880202,-0.147363297,0.00220739,,,,,X,,,,,,,
1605,38.90522878,-0.461908043,0.003022046,,X,,,,,,,,,,
1606,38.91456114,-0.148241447,0.00375508,,,,,,,,,X,,,
1607,38.91465789,-0.194108258,0.002709822,,,,,,,,,,X,,
1608,38.92630429,-0.35209623,0.00402128,,,,X,,,,,,,,
1609,38.93154578,-1.003604613,0.006581192,,,X,,,,,,,,,
1610,38.93252408,0.399493802,0.001986744,,,,,,,,,X,,,
1611,38.95445004,0.27091145,0.003109011,,,,,,,,,,X,,
1612,38.98018077,-0.272612515,0.003703268,,,,,,,X,,,,,
1613,39.05374516,0.217852691,0.002102664,,,,,,,,,X,,,
1614,39.11260438,0.504226171,0.002028327,,,,,,,,,,X,,
1615,39.15068143,-0.286562689,0.00365909,,,,,,,,X,,,,
1616,39.16055776,0.736032284,0.00211604,,,,,,,,,X,,,
1617,39.16115004,-0.165936479,0.003172414,,,,,,,,,,X,,
1618,39.17054553,0.578869675,0.002022447,,,,,,,,,X,,,
1619,39.1888564,-0.564630864,0.002554561,,,,,,,,,,X,,
1620,39.19554624,0.224348845,0.004268299,,,,,,,,,,X,,
1621,39.21443576,0.2023756,0.003570663,,,,,,,,,,X,,
1622,39.23843762,-0.555813842,0.002400127,,,,,,,,,,X,,
1623,39.2451128,-0.062390677,0.007475035,X,,,,,,,,,,,looks like two bubbles
1624,39.24919117,-0.063942319,0.006762034,,X,,,,,,,,,,
1625,39.27135807,0.346478523,0.003672907,,,,,,,,,X,,,
1626,39.27641349,-0.315809939,0.001705763,,X,,,,,,,,,,
1627,39.27656219,0.036433663,0.001964841,,,,,,,,X,,,,
1628,39.29507004,-0.255700046,0.003233552,,,,,,,,,,X,,
1629,39.30754772,-0.350817158,0.002422422,,,X,,,,,,,,,
1630,39.3091416,-0.308977764,0.001715654,,,,,,,,X,,,,
1631,39.33141819,0.336584186,0.002078106,,,,,,,,X,,,,
1632,39.33299806,-0.093367785,0.002324686,,,,,,,,,X,,,
1633,39.36222669,-0.331652183,0.003364254,,,,,,,,,,X,,
1634,39.38835852,-0.143555314,0.002795131,,,,,,,X,,,,,
1635,39.39772718,0.105708866,0.001629568,,,,,,,,,X,,,
1636,39.43340023,-0.187659317,0.003624977,,X,,,,,,,,,,
1637,39.46651907,-0.13289691,0.002072526,,,,,,,,,X,,,
1638,39.49098868,0.673600897,0.004822066,,,,,,,,,,X,,
1639,39.50586508,-0.28082841,0.004354396,X,,,,,,,,,,,
1640,39.51433453,0.632513612,0.002684492,,,,,,,,X,,,,
1641,39.52812638,-0.455503075,0.0052752,X,,,,,,,,,,,
1642,39.52814946,-0.185360155,0.001742807,,,,,,,,,,X,,
1643,39.53641055,0.870516805,0.005271947,,X,,,,,,,,,,
1644,39.5391947,0.877038702,0.002593186,X,,,,,,,,,,,
1645,39.54517791,-0.366106708,0.00685899,X,,,,,,,,,,,
1646,39.55078297,-0.156452367,0.0028953,X,,,,,,,,,,,
1647,39.55264286,-0.428826728,0.001643165,,,,,,,,,X,,,
1648,39.55275557,-0.164263478,0.003449595,,,,,,,,,X,,,
1649,39.56181296,-0.429837141,0.001824846,,,,,,,,,,X,,
1650,39.56298559,-0.424546353,0.001845887,,,,,,,,,,X,,
1651,39.56688602,0.413166239,0.002433102,,,,,,,,,,X,,
1652,39.56883802,0.012325233,0.003214461,,X,,,,,,,,,,
1653,39.57531219,0.010631973,0.002313687,,X,,,,,,,,,,
1654,39.58273983,-0.185730862,0.002973394,,,,,,,,,,X,,
1655,39.58445505,0.005429817,0.00258873,X,,,,,,,,,,,
1656,39.64882993,-0.293380891,0.004738291,,,,,,,X,,,,,
1657,39.66517475,-0.154580595,0.003362553,X,,,,,,,,,,,
1658,39.67214098,-0.457654307,0.004605378,,,,,,,,,,X,,
1659,39.72829255,-0.397111269,0.005070845,X,,,,,,,,,,,
1660,39.73223335,0.439770402,0.002357238,,,,,,,,,X,,,
1661,39.83497058,-0.233751251,0.003367895,X,,,,,,,,,,,"crescent shaped, looks like beginning phase of bubble"
1662,39.84978538,-0.198472024,0.001445482,,,,,,,,,,X,,
1663,39.85351959,-0.209031765,0.002307697,,X,,,,,X,,,,,
1664,39.85617101,-0.130968727,0.00245297,,,,,,,,X,,,,
1665,39.86604857,0.646773154,0.006189745,X,,,,,,,,,,,
1666,39.88268732,-0.346120228,0.005004363,,,,,,,,,,X,,
1667,39.89873559,-0.075664935,0.00272617,,,,,,,X,,,,,
1668,39.92849999,-0.374572067,0.004237729,,,X,,,,,,,,,
1669,39.93410259,0.132971301,0.004472423,,,,,,,X,,,,,
1670,39.97771478,-0.092047303,0.002374217,,,,,,,,X,,,,